{
  "Tab Color" : {
    "Red Component" : 0.74730008840560913,
    "Color Space" : "sRGB",
    "Blue Component" : 0.068835996091365814,
    "Alpha Component" : 1,
    "Green Component" : 0.1000501736998558
  },
  "Tags" : [

  ],
  "Ansi 12 Color" : {
    "Red Component" : 0.36078432202339172,
    "Color Space" : "sRGB",
    "Blue Component" : 0.89411765336990356,
    "Alpha Component" : 1,
    "Green Component" : 0.65490198135375977
  },
  "Ansi 1 Color" : {
    "Red Component" : 0.9686274528503418,
    "Color Space" : "sRGB",
    "Blue Component" : 0.42352941632270813,
    "Alpha Component" : 1,
    "Green Component" : 0.54901963472366333
  },
  "Ansi 7 Color" : {
    "Red Component" : 0.7450980544090271,
    "Color Space" : "sRGB",
    "Blue Component" : 0.83137255907058716,
    "Alpha Component" : 1,
    "Green Component" : 0.77254903316497803
  },
  "Bold Color" : {
    "Red Component" : 1,
    "Color Space" : "sRGB",
    "Blue Component" : 1,
    "Alpha Component" : 1,
    "Green Component" : 1
  },
  "Ansi 8 Color" : {
    "Red Component" : 0.26666668057441711,
    "Color Space" : "sRGB",
    "Blue Component" : 0.41960784792900085,
    "Alpha Component" : 1,
    "Green Component" : 0.3490196168422699
  },
  "Ansi 9 Color" : {
    "Red Component" : 0.93725490570068359,
    "Color Space" : "sRGB",
    "Blue Component" : 0.31372550129890442,
    "Alpha Component" : 1,
    "Green Component" : 0.32549020648002625
  },
  "Link Color" : {
    "Red Component" : 0.47058823704719543,
    "Color Space" : "sRGB",
    "Blue Component" : 0.94117647409439087,
    "Alpha Component" : 1,
    "Green Component" : 0.80000001192092896
  },
  "Rows" : 65,
  "Default Bookmark" : "No",
  "Ansi 2 Color" : {
    "Red Component" : 0.67843139171600342,
    "Color Space" : "sRGB",
    "Blue Component" : 0.40392157435417175,
    "Alpha Component" : 1,
    "Green Component" : 0.85882353782653809
  },
  "Cursor Guide Color" : {
    "Red Component" : 0.082667849957942963,
    "Color Space" : "sRGB",
    "Blue Component" : 0.86274629831314087,
    "Alpha Component" : 0.25,
    "Green Component" : 0.98757690191268921
  },
  "Non-ASCII Anti Aliased" : true,
  "Use Bright Bold" : true,
  "Ansi 10 Color" : {
    "Red Component" : 0.13333334028720856,
    "Color Space" : "sRGB",
    "Blue Component" : 0.43137255311012268,
    "Alpha Component" : 1,
    "Green Component" : 0.85490196943283081
  },
  "Ambiguous Double Width" : false,
  "Jobs to Ignore" : [
    "rlogin",
    "ssh",
    "slogin",
    "telnet"
  ],
  "Show Status Bar" : true,
  "Ansi 15 Color" : {
    "Red Component" : 1,
    "Color Space" : "sRGB",
    "Blue Component" : 1,
    "Alpha Component" : 1,
    "Green Component" : 1
  },
  "Foreground Color" : {
    "Red Component" : 0.83921569585800171,
    "Color Space" : "sRGB",
    "Blue Component" : 0.92156863212585449,
    "Alpha Component" : 1,
    "Green Component" : 0.87058824300765991
  },
  "Bound Hosts" : [

  ],
  "Working Directory" : "\/Users\/rdoake",
  "Blinking Cursor" : false,
  "Disable Window Resizing" : true,
  "Sync Title" : false,
  "Prompt Before Closing 2" : false,
  "BM Growl" : true,
  "Command" : "",
  "Description" : "Default",
  "Mouse Reporting" : true,
  "Screen" : -1,
  "Selection Color" : {
    "Red Component" : 0.38823530077934265,
    "Color Space" : "sRGB",
    "Blue Component" : 0.46666666865348816,
    "Alpha Component" : 1,
    "Green Component" : 0.46666666865348816
  },
  "Columns" : 120,
  "Idle Code" : 0,
  "Ansi 13 Color" : {
    "Red Component" : 0.49411764740943909,
    "Color Space" : "sRGB",
    "Blue Component" : 0.7607843279838562,
    "Alpha Component" : 1,
    "Green Component" : 0.34117648005485535
  },
  "Custom Command" : "No",
  "ASCII Anti Aliased" : true,
  "Non Ascii Font" : "Monaco 12",
  "Vertical Spacing" : 1,
  "Use Bold Font" : true,
  "Option Key Sends" : 0,
  "Selected Text Color" : {
    "Red Component" : 1,
    "Color Space" : "sRGB",
    "Blue Component" : 1,
    "Alpha Component" : 1,
    "Green Component" : 1
  },
  "Background Color" : {
    "Red Component" : 0.0039215688593685627,
    "Color Space" : "sRGB",
    "Blue Component" : 0.15294118225574493,
    "Alpha Component" : 1,
    "Green Component" : 0.086274512112140656
  },
  "Character Encoding" : 4,
  "Ansi 11 Color" : {
    "Red Component" : 1,
    "Color Space" : "sRGB",
    "Blue Component" : 0.58431375026702881,
    "Alpha Component" : 1,
    "Green Component" : 0.92156863212585449
  },
  "Use Italic Font" : true,
  "Unlimited Scrollback" : false,
  "Keyboard Map" : {
    "0x33-0x200000-0x0" : {
      "Action" : 12,
      "Text" : "3"
    },
    "0x2f-0x200000-0x0" : {
      "Action" : 12,
      "Text" : "\/"
    },
    "0x3-0x200000-0x0" : {
      "Action" : 11,
      "Text" : "0xd"
    },
    "0x38-0x200000-0x0" : {
      "Action" : 12,
      "Text" : "8"
    },
    "0xf728-0x80000-0x0" : {
      "Action" : 10,
      "Text" : "d"
    },
    "0xf70e-0x20000-0x0" : {
      "Action" : 10,
      "Text" : "[23;2~"
    },
    "0xf701-0x220000-0x0" : {
      "Action" : 10,
      "Text" : "[1;2B"
    },
    "0x32-0x40000-0x0" : {
      "Action" : 11,
      "Text" : "0x00"
    },
    "0xf700-0x240000-0x0" : {
      "Action" : 10,
      "Text" : "[1;5A"
    },
    "0xf703-0x220000-0x0" : {
      "Action" : 10,
      "Text" : "[1;2C"
    },
    "0xf70b-0x20000-0x0" : {
      "Action" : 10,
      "Text" : "[19;2~"
    },
    "0xf702-0x240000-0x0" : {
      "Action" : 10,
      "Text" : "[1;5D"
    },
    "0xf701-0x280000" : {
      "Text" : "0x1b 0x1b 0x5b 0x42",
      "Action" : 11
    },
    "0xf701-0x260000-0x0" : {
      "Action" : 10,
      "Text" : "[1;6B"
    },
    "0xf72b-0x40000-0x0" : {
      "Action" : 10,
      "Text" : "[1;5F"
    },
    "0xf703-0x260000-0x0" : {
      "Action" : 10,
      "Text" : "[1;6C"
    },
    "0x31-0x200000-0x0" : {
      "Action" : 12,
      "Text" : "1"
    },
    "0xf702-0x280000-0x0" : {
      "Action" : 10,
      "Text" : "b"
    },
    "0x2d-0x200000-0x0" : {
      "Action" : 12,
      "Text" : "-"
    },
    "0xf709-0x20000-0x0" : {
      "Action" : 10,
      "Text" : "[17;2~"
    },
    "0xf700-0x280000" : {
      "Text" : "0x1b 0x1b 0x5b 0x41",
      "Action" : 11
    },
    "0x36-0x200000-0x0" : {
      "Action" : 12,
      "Text" : "6"
    },
    "0xf706-0x20000-0x0" : {
      "Action" : 10,
      "Text" : "[1;2R"
    },
    "0x36-0x40000-0x0" : {
      "Action" : 11,
      "Text" : "0x1e"
    },
    "0xf729-0x40000-0x0" : {
      "Action" : 10,
      "Text" : "[1;5H"
    },
    "0x2d-0x40000-0x0" : {
      "Action" : 11,
      "Text" : "0x1f"
    },
    "0xf702-0x300000-0x0" : {
      "Action" : 11,
      "Text" : "0x1"
    },
    "0x7f-0x80000-0x0" : {
      "Action" : 11,
      "Text" : "0x1b 0x7f"
    },
    "0x33-0x40000-0x0" : {
      "Action" : 11,
      "Text" : "0x1b"
    },
    "0x2b-0x200000-0x0" : {
      "Action" : 12,
      "Text" : "+"
    },
    "0x34-0x200000-0x0" : {
      "Action" : 12,
      "Text" : "4"
    },
    "0xf70d-0x20000-0x0" : {
      "Action" : 10,
      "Text" : "[21;2~"
    },
    "0xf72b-0x20000-0x0" : {
      "Action" : 10,
      "Text" : "[1;2F"
    },
    "0x39-0x200000-0x0" : {
      "Action" : 12,
      "Text" : "9"
    },
    "0xf70a-0x20000-0x0" : {
      "Action" : 10,
      "Text" : "[18;2~"
    },
    "0x37-0x40000-0x0" : {
      "Action" : 11,
      "Text" : "0x1f"
    },
    "0xf708-0x20000-0x0" : {
      "Action" : 10,
      "Text" : "[15;2~"
    },
    "0xf729-0x20000-0x0" : {
      "Action" : 10,
      "Text" : "[1;2H"
    },
    "0xf700-0x220000-0x0" : {
      "Action" : 10,
      "Text" : "[1;2A"
    },
    "0xf705-0x20000-0x0" : {
      "Action" : 10,
      "Text" : "[1;2Q"
    },
    "0xf702-0x220000-0x0" : {
      "Action" : 10,
      "Text" : "[1;2D"
    },
    "0x2e-0x200000-0x0" : {
      "Action" : 12,
      "Text" : "."
    },
    "0x32-0x200000-0x0" : {
      "Action" : 12,
      "Text" : "2"
    },